{"cameraMode":{"drawMode":0,"name":"Shaded","section":"Shading Mode"},"sceneLighting":true,"audioPlay":false,"sceneViewState":{"m_AlwaysRefresh":false,"showFog":true,"showSkybox":true,"showFlares":true,"showImageEffects":true,"showParticleSystems":true,"showVisualEffectGraphs":true,"m_FxEnabled":true},"in2DMode":false,"pivot":{"x":-0.0044786930084228519,"y":0.026642799377441407,"z":2.012108564376831},"rotation":{"x":0.2558215856552124,"y":0.5775556564331055,"z":-0.19706189632415772,"w":0.7497865557670593},"size":2.1076743602752687,"orthographic":false}